id;title;content;number_of_views;date_created;data_updated
1;mobile Fish;Home Loan Account Table Computer;5808;2019-11-25T07:27:15;2019-11-24T21:41:17
2;Savings Account alarm;Tasty Metal Bacon;93855;2019-11-25T13:22:48;2019-11-25T18:27:27
3;Officer;methodology Albania;43194;2019-11-25T17:55:22;2019-11-25T11:29:12
4;Investment Account Steel;Coordinator;23277;2019-11-25T07:31:50;2019-11-25T16:18:06
5;Savings Account syndicate Planner;Refined Rubber Chicken Table;6505;2019-11-25T18:09:28;2019-11-24T19:42:11
6;Planner cross-platform access;Public-key;24102;2019-11-25T07:54:45;2019-11-25T02:04:41
7;Investment Account;Games Regional Digitized;66252;2019-11-25T00:20:52;2019-11-25T10:59:43
8;Costa Rica Mayotte;Industrial;84228;2019-11-24T23:52:23;2019-11-25T07:40:56
9;e-enable Communications capacitor;Awesome;19598;2019-11-25T05:58:35;2019-11-25T17:23:26
10;software scale interactive;Louisiana Specialist Home Loan Account;27599;2019-11-25T15:05:38;2019-11-25T11:21:56
