id;content;votes;author;email;date_created;date_updated
1;calculating Metal array;55281;protocol;Ramiro_Gaylord91@yahoo.com;2019-11-25T15:53:34;2019-11-25T05:34:44
2;Borders;79829;deposit;Gracie89@hotmail.com;2019-11-24T20:34:21;2019-11-25T09:44:21
3;incubate;9398;North Dakota Garden;Carlee.Littel83@yahoo.com;2019-11-25T03:40:16;2019-11-24T21:12:06
4;Assimilated;3883;frame Brunei Darussalam interface;Okey96@hotmail.com;2019-11-25T02:54:07;2019-11-25T06:52:37
5;backing up;19438;relationships Philippine Peso;Moises_Cole51@gmail.com;2019-11-25T00:42:04;2019-11-25T10:06:01
6;redundant;27083;mindshare Gorgeous;Christina83@gmail.com;2019-11-25T07:34:18;2019-11-25T01:08:52
7;paradigms Salad Table;25024;Benin;Christ.Okuneva63@hotmail.com;2019-11-24T18:56:04;2019-11-25T05:27:02
8;payment e-markets system;4771;Louisiana;Niko34@gmail.com;2019-11-25T15:03:55;2019-11-25T15:38:53
9;Small;31141;Developer Shoes Music;Jensen.Schoen@hotmail.com;2019-11-25T13:41:39;2019-11-25T06:41:57
10;withdrawal Generic Frozen Tuna;88668;explicit;Lionel_Watsica@gmail.com;2019-11-24T21:17:44;2019-11-25T04:54:22
