id;name;description;url;type
1;Car Industrial deliverables;orange Books;https://cloyd.net;IMAGE
2;IB Investment Account archive;envisioneer;https://eriberto.name;IMAGE
3;Developer;synthesize Idaho compress;http://aliza.name;IMAGE
4;withdrawal knowledge base Buckinghamshire;Concrete Investment Account Saint Lucia;http://danyka.org;VIDEO
5;JSON;virtual deposit;https://jacky.net;VIDEO
6;Ghana back-end National;Direct;http://danny.name;IMAGE
7;Hat;supply-chains magenta;http://dominic.info;IMAGE
8;Mauritania;facilitate Tasty Concrete Chips Exclusive;https://jerry.net;VIDEO
9;mission-critical;Berkshire Small Plastic Pants Investor;http://marilyne.com;IMAGE
10;Bulgarian Lev navigate;Re-contextualized;https://fredy.info;VIDEO
